<?xml version="1.0" encoding="UTF-8"?>
<folder exportedWithPermissions="true">
    <parent>/</parent>
    <name>Resources</name>
    <label>Resources</label>
    <description></description>
    <creationDate>2018-04-10T13:45:46.419-07:00</creationDate>
    <updateDate>2018-04-10T13:45:46.419-07:00</updateDate>
    <folder>DataSources</folder>
    <folder>Input_Controls</folder>
    <folder>Queries</folder>
    <resource>gw_icon.png</resource>
    <resource>gwos_logo_orangegray.png</resource>
    <resource>gwosChartCustomizer.jar</resource>
</folder>
