<?xml version="1.0" encoding="UTF-8"?>
<folder exportedWithPermissions="true">
    <parent>/Resources</parent>
    <name>Queries</name>
    <label>Queries</label>
    <description></description>
    <creationDate>2018-04-10T18:47:40.309-07:00</creationDate>
    <updateDate>2018-03-11T15:26:54.263-07:00</updateDate>
    <resource>HOST</resource>
    <resource>HOST_PERFORMANCE</resource>
    <resource>HOSTGROUP</resource>
    <resource>HOSTGROUP_PERFORMANCE</resource>
    <resource>LEFT_HOST</resource>
    <resource>LEFT_HOSTGROUP</resource>
    <resource>LEFT_PERFORMANCE</resource>
    <resource>PERFORMANCE_UNIT</resource>
    <resource>RIGHT_HOST</resource>
    <resource>RIGHT_HOSTGROUP</resource>
    <resource>RIGHT_PERFORMANCE</resource>
</folder>
