<?xml version="1.0" encoding="UTF-8"?>
<query exportedWithPermissions="true">
    <folder>/Resources/Queries</folder>
    <name>HOST_PERFORMANCE</name>
    <version>5</version>
    <label>HostPerformanceQuery</label>
    <description>Query performance indicators for a selected host</description>
    <creationDate>2018-04-19T08:46:24.477-07:00</creationDate>
    <updateDate>2018-05-05T10:42:31.704-07:00</updateDate>
    <language>sql</language>
    <queryString>SELECT DISTINCT pdl.performancename AS PERFORMANCE_NAME 
FROM            performancedatalabel pdl 
INNER JOIN      logperformancedata lpd 
ON              lpd.performancedatalabelid = pdl.performancedatalabelid 
INNER JOIN      servicestatus ss 
ON              lpd.servicestatusid = ss.servicestatusid 
INNER JOIN      host h 
ON              ss.hostid = h.hostid 
WHERE $X{EQUAL, h.HostName, HOST}
ORDER BY        pdl.performancename</queryString>
    <dataSource>
        <uri>/Resources/DataSources/archive_gwcollagedb</uri>
    </dataSource>
</query>
