<?xml version="1.0" encoding="UTF-8"?>
<query exportedWithPermissions="true">
    <folder>/Resources/Queries</folder>
    <name>HOSTGROUP_PERFORMANCE</name>
    <version>17</version>
    <label>HostgroupPerformanceQuery</label>
    <description></description>
    <creationDate>2018-04-19T08:39:11.723-07:00</creationDate>
    <updateDate>2018-05-05T10:57:09.480-07:00</updateDate>
    <language>sql</language>
    <queryString>SELECT DISTINCT pdl.performancename AS PERFORMANCE_NAME 
FROM            performancedatalabel pdl 
INNER JOIN      logperformancedata lpd 
ON              lpd.performancedatalabelid = pdl.performancedatalabelid 
INNER JOIN      servicestatus ss 
ON              lpd.servicestatusid = ss.servicestatusid 
INNER JOIN      host h 
ON              ss.hostid = h.hostid 
INNER JOIN      hostgroupcollection hgc 
ON              h.hostid = hgc.hostid 
INNER JOIN      hostgroup hg 
ON              hgc.hostgroupid = hg.hostgroupid 
WHERE           $X{EQUAL, hg.Name, HOSTGROUP} 
ORDER BY        PERFORMANCE_NAME;</queryString>
    <dataSource>
        <uri>/Resources/DataSources/archive_gwcollagedb</uri>
    </dataSource>
</query>
