<?xml version="1.0" encoding="UTF-8"?>
<query exportedWithPermissions="true">
    <folder>/Resources/Queries</folder>
    <name>LEFT_HOST</name>
    <version>2</version>
    <label>LeftHostQuery</label>
    <description>Query distinct host names on left-axis</description>
    <creationDate>2018-04-27T15:05:22.023-07:00</creationDate>
    <updateDate>2018-04-27T15:07:04.916-07:00</updateDate>
    <language>sql</language>
    <queryString>SELECT DISTINCT hostname AS LEFT_HOST FROM host WHERE hostname IS NOT NULL ORDER BY hostname</queryString>
    <dataSource>
        <uri>/Resources/DataSources/archive_gwcollagedb</uri>
    </dataSource>
</query>
