<?xml version="1.0" encoding="UTF-8"?>
<query exportedWithPermissions="true">
    <folder>/Resources/Queries</folder>
    <name>LEFT_PERFORMANCE</name>
    <version>0</version>
    <label>LeftHostPerformanceQuery</label>
    <description></description>
    <creationDate>2018-04-27T15:38:08.009-07:00</creationDate>
    <updateDate>2018-04-27T15:38:08.009-07:00</updateDate>
    <language>sql</language>
    <queryString>SELECT DISTINCT pdl.performancename AS performance_name 
FROM            performancedatalabel pdl 
INNER JOIN      logperformancedata lpd 
ON              lpd.performancedatalabelid = pdl.performancedatalabelid 
INNER JOIN      servicestatus ss 
ON              lpd.servicestatusid = ss.servicestatusid 
INNER JOIN      host h 
ON              ss.hostid = h.hostid 
WHERE $X{EQUAL, h.HostName, LEFT_HOST}
ORDER BY        pdl.performancename</queryString>
    <dataSource>
        <uri>/Resources/DataSources/archive_gwcollagedb</uri>
    </dataSource>
</query>
