<?xml version="1.0" encoding="UTF-8"?>
<query exportedWithPermissions="true">
    <folder>/Resources/Queries</folder>
    <name>RIGHT_HOST</name>
    <version>0</version>
    <label>RightHostQuery</label>
    <description>Query distinct host names on right-axis</description>
    <creationDate>2018-04-27T15:08:39.311-07:00</creationDate>
    <updateDate>2018-04-27T15:08:39.311-07:00</updateDate>
    <language>sql</language>
    <queryString>SELECT DISTINCT hostname AS RIGHT_HOST FROM host WHERE hostname IS NOT NULL ORDER BY hostname</queryString>
    <dataSource>
        <uri>/Resources/DataSources/archive_gwcollagedb</uri>
    </dataSource>
</query>
