<?xml version="1.0" encoding="UTF-8"?>
<query exportedWithPermissions="true">
    <folder>/Resources/Queries</folder>
    <name>RIGHT_HOSTGROUP</name>
    <version>0</version>
    <label>RightHostgroupQuery</label>
    <description></description>
    <creationDate>2018-04-27T16:40:49.166-07:00</creationDate>
    <updateDate>2018-04-27T16:40:49.166-07:00</updateDate>
    <language>sql</language>
    <queryString>SELECT DISTINCT name AS RIGHT_HOSTGROUP FROM hostgroup ORDER BY name</queryString>
    <dataSource>
        <uri>/Resources/DataSources/archive_gwcollagedb</uri>
    </dataSource>
</query>
