<?xml version='1.0' encoding='UTF-8'?>
<node-navigation xmlns="http://www.gatein.org/xml/ns/gatein_objects_1_3"
                 xmlns:xsi="http://www.w3.org/2001/XMLSchema-instance"
                 xsi:schemaLocation="http://www.gatein.org/xml/ns/gatein_objects_1_3 http://www.gatein.org/xml/ns/gatein_objects_1_3">
    <priority>1</priority>
    <page-nodes>
        <parent-uri></parent-uri>
        <node>
            <name>groundwork-administration</name>
            <label xml:lang="en">GroundWork Administration</label>
            <visibility>DISPLAYED</visibility>
            <page-reference>portal::classic::foundationview</page-reference>
            <node>
                <name>foundationview</name>
                <label xml:lang="en">Foundation</label>
                <visibility>DISPLAYED</visibility>
                <page-reference>portal::classic::foundationview</page-reference>
            </node>
            <node>
                <name>device-management</name>
                <label xml:lang="en">Device Management</label>
                <visibility>DISPLAYED</visibility>
                <page-reference>portal::classic::device-admin</page-reference>
                <node>
                    <name>blacklist</name>
                    <label xml:lang="en">Black List</label>
                    <visibility>DISPLAYED</visibility>
                    <page-reference>portal::classic::blacklist</page-reference>
                </node>
                <node>
                    <name>device-templates</name>
                    <label xml:lang="en">Device Templates</label>
                    <visibility>DISPLAYED</visibility>
                    <page-reference>portal::classic::device-templates</page-reference>
                </node>
                <node>
                    <name>host-identity</name>
                    <label xml:lang="en">Host Identity</label>
                    <visibility>DISPLAYED</visibility>
                    <page-reference>portal::classic::host-identity</page-reference>
                </node>
            </node>
            <node>
                <name>customgroupsview</name>
                <label xml:lang="en">CustomGroups</label>
                <visibility>DISPLAYED</visibility>
                <page-reference>portal::classic::customgroupsview</page-reference>
            </node>
            <node>
                <name>cloudhubview</name>
                <label xml:lang="en">GroundWork Cloud Hub</label>
                <visibility>DISPLAYED</visibility>
                <page-reference>portal::classic::cloudhubview</page-reference>
            </node>
            <node>
                <name>nethubview</name>
                <label xml:lang="en">GroundWork Net Hub</label>
                <visibility>DISPLAYED</visibility>
                <page-reference>portal::classic::nethubview</page-reference>
            </node>
            <node>
                <name>licenseview</name>
                <label xml:lang="en">GroundWork License</label>
                <visibility>DISPLAYED</visibility>
                <page-reference>portal::classic::licenseview</page-reference>
            </node>
            <node>
                <name>audit-log</name>
                <label xml:lang="en">Audit Log</label>
                <visibility>DISPLAYED</visibility>
                <page-reference>portal::classic::audit-log</page-reference>
            </node>
        </node>
    </page-nodes>
</node-navigation>