<?xml version='1.0' encoding='UTF-8'?>
<page-set xmlns="http://www.gatein.org/xml/ns/gatein_objects_1_3" xmlns:xsi="http://www.w3.org/2001/XMLSchema-instance" xsi:schemaLocation="http://www.gatein.org/xml/ns/gatein_objects_1_3 http://www.gatein.org/xml/ns/gatein_objects_1_3">
<page>
        <name>nethubview</name>
        <title>GroundWork Net Hub</title>
        <access-permissions>*:/GWAdmin</access-permissions>
        <edit-permission>*:/GWAdmin</edit-permission>
        <show-max-window>false</show-max-window>
        <container id="OneColumnContainer"
                   template="system:/groovy/portal/webui/container/UIContainer.gtmpl">
            <access-permissions>*:/GWAdmin</access-permissions>
            <portlet-application>
                <portlet>
                    <application-ref>portal-groundwork-base</application-ref>
                    <portlet-ref>nethubview</portlet-ref>
                </portlet>
                <title>GroundWork Net Hub</title>
                <access-permissions>*:/GWAdmin</access-permissions>
                <show-info-bar>false</show-info-bar>
                <show-application-state>false</show-application-state>
                <show-application-mode>false</show-application-mode>
                <description>Desc</description>
                <icon>PortletIcon</icon>
            </portlet-application>
        </container>
    </page>
    <page>
        <name>jdma-jbossas7view</name>
        <title>GroundWork JDMA for JBoss AS7</title>
        <access-permissions>*:/GWAdmin</access-permissions>
        <edit-permission>*:/GWAdmin</edit-permission>
        <show-max-window>false</show-max-window>
        <container id="OneColumnContainer"
                   template="system:/groovy/portal/webui/container/UIContainer.gtmpl">
            <access-permissions>*:/GWAdmin</access-permissions>
            <portlet-application>
                <portlet>
                    <application-ref>portal-groundwork-base</application-ref>
                    <portlet-ref>jdma-jbossas7view</portlet-ref>
                </portlet>
                <title>GroundWork JDMA for JBoss AS7</title>
                <access-permissions>*:/GWAdmin</access-permissions>
                <show-info-bar>false</show-info-bar>
                <show-application-state>false</show-application-state>
                <show-application-mode>false</show-application-mode>
                <description>Desc</description>
                <icon>PortletIcon</icon>
            </portlet-application>
        </container>
    </page>
    <page>
        <name>jdma-tomcatview</name>
        <title>GroundWork JDMA for Tomcat</title>
        <access-permissions>*:/GWAdmin</access-permissions>
        <edit-permission>*:/GWAdmin</edit-permission>
        <show-max-window>false</show-max-window>
        <container id="OneColumnContainer"
                   template="system:/groovy/portal/webui/container/UIContainer.gtmpl">
            <access-permissions>*:/GWAdmin</access-permissions>
            <portlet-application>
                <portlet>
                    <application-ref>portal-groundwork-base</application-ref>
                    <portlet-ref>jdma-tomcatview</portlet-ref>
                </portlet>
                <title>GroundWork JDMA for Tomcat</title>
                <access-permissions>*:/GWAdmin</access-permissions>
                <show-info-bar>false</show-info-bar>
                <show-application-state>false</show-application-state>
                <show-application-mode>false</show-application-mode>
                <description>Desc</description>
                <icon>PortletIcon</icon>
            </portlet-application>
        </container>
    </page>
    <page>
        <name>licenseview</name>
        <title>licenseview</title>
        <access-permissions>*:/GWAdmin</access-permissions>
        <edit-permission>*:/GWAdmin</edit-permission>
        <show-max-window>false</show-max-window>
        <container id="licenseview_outer" template="system:/groovy/portal/webui/container/UITableColumnContainer.gtmpl">
            <access-permissions>*:/GWAdmin</access-permissions>
            <factory-id>TableColumnContainer</factory-id>
            <container id="licenseportlet" template="system:/groovy/portal/webui/container/UIColumnContainer.gtmpl" width="60%">
                <access-permissions>*:/GWAdmin</access-permissions>
                <factory-id>ColumnContainer</factory-id>
                <portlet-application>
                    <portlet>
                        <application-ref>gatein-portal-extension</application-ref>
                        <portlet-ref>GroundworkLicensePortlet</portlet-ref>
                    </portlet>
                    <title>GWOS Monitor Enterprise license entry</title>
                    <access-permissions>*:/GWAdmin</access-permissions>
                    <show-info-bar>false</show-info-bar>
                    <show-application-state>false</show-application-state>
                    <show-application-mode>false</show-application-mode>
                </portlet-application>
            </container>
            <container id="sysacctmgmtportlet" template="system:/groovy/portal/webui/container/UIColumnContainer.gtmpl" width="40%">
                <access-permissions>*:/GWAdmin</access-permissions>
                <factory-id>ColumnContainer</factory-id>
                <portlet-application>
                    <portlet>
                        <application-ref>portal-statusviewer</application-ref>
                        <portlet-ref>SystemAccountManagementPortlet</portlet-ref>
                    </portlet>
                    <title>GroundWork System Account Management</title>
                    <access-permissions>*:/GWAdmin</access-permissions>
                    <show-info-bar>false</show-info-bar>
                    <show-application-state>false</show-application-state>
                    <show-application-mode>false</show-application-mode>
                </portlet-application>
            </container>
        </container>
    </page>

    <page>
        <name>blacklist</name>
        <title>Black List</title>
        <access-permissions>*:/GWAdmin</access-permissions>
        <edit-permission>*:/GWAdmin</edit-permission>
        <show-max-window>false</show-max-window>
        <container id="OneColumnContainer"
                   template="system:/groovy/portal/webui/container/UIContainer.gtmpl">
            <access-permissions>*:/GWAdmin</access-permissions>
            <portlet-application>
                <portlet>
                    <application-ref>portal-groundwork-base</application-ref>
                    <portlet-ref>BlackList</portlet-ref>
                </portlet>
                <title>Black List</title>
                <access-permissions>*:/GWAdmin</access-permissions>
                <show-info-bar>false</show-info-bar>
                <show-application-state>true</show-application-state>
                <show-application-mode>true</show-application-mode>
                <description>Black List Administration</description>
                <icon>PortletIcon</icon>
            </portlet-application>
        </container>
    </page>
    <page>
        <name>device-templates</name>
        <title>Device Templates</title>
        <access-permissions>*:/GWAdmin</access-permissions>
        <edit-permission>*:/GWAdmin</edit-permission>
        <show-max-window>false</show-max-window>
        <container id="OneColumnContainer"
                   template="system:/groovy/portal/webui/container/UIContainer.gtmpl">
            <access-permissions>*:/GWAdmin</access-permissions>
            <portlet-application>
                <portlet>
                    <application-ref>portal-groundwork-base</application-ref>
                    <portlet-ref>DeviceTemplate</portlet-ref>
                </portlet>
                <title>Device Templates</title>
                <access-permissions>*:/GWAdmin</access-permissions>
                <show-info-bar>false</show-info-bar>
                <show-application-state>true</show-application-state>
                <show-application-mode>true</show-application-mode>
                <description>Device Template Profile Administration</description>
                <icon>PortletIcon</icon>
            </portlet-application>
        </container>
    </page>
    <page>
        <name>host-identity</name>
        <title>Host Identity</title>
        <access-permissions>*:/GWAdmin</access-permissions>
        <edit-permission>*:/GWAdmin</edit-permission>
        <show-max-window>false</show-max-window>
        <container id="OneColumnContainer"
                   template="system:/groovy/portal/webui/container/UIContainer.gtmpl">
            <access-permissions>*:/GWAdmin</access-permissions>
            <portlet-application>
                <portlet>
                    <application-ref>portal-groundwork-base</application-ref>
                    <portlet-ref>HostIdentity</portlet-ref>
                </portlet>
                <title>Host Identity</title>
                <access-permissions>*:/GWAdmin</access-permissions>
                <show-info-bar>false</show-info-bar>
                <show-application-state>true</show-application-state>
                <show-application-mode>true</show-application-mode>
                <description>Host Identity Administration</description>
                <icon>PortletIcon</icon>
            </portlet-application>
        </container>
    </page>
    <page>
        <name>audit-log</name>
        <title>Audit Log</title>
        <access-permissions>*:/GWAdmin</access-permissions>
        <edit-permission>*:/GWAdmin</edit-permission>
        <show-max-window>false</show-max-window>
        <container id="OneColumnContainer"
                   template="system:/groovy/portal/webui/container/UIContainer.gtmpl">
            <access-permissions>*:/GWAdmin</access-permissions>
            <portlet-application>
                <portlet>
                    <application-ref>portal-groundwork-base</application-ref>
                    <portlet-ref>AuditLog</portlet-ref>
                </portlet>
                <title>Audit Log</title>
                <access-permissions>*:/GWAdmin</access-permissions>
                <show-info-bar>false</show-info-bar>
                <show-application-state>true</show-application-state>
                <show-application-mode>true</show-application-mode>
                <description>Audit Log Viewer</description>
                <icon>PortletIcon</icon>
            </portlet-application>
        </container>
    </page>
    <page>
        <name>categories</name>
        <title>Categories Editor</title>
        <access-permissions>*:/GWAdmin</access-permissions>
        <edit-permission>*:/GWAdmin</edit-permission>
        <show-max-window>false</show-max-window>
        <container id="OneColumnContainer"
                   template="system:/groovy/portal/webui/container/UIContainer.gtmpl">
            <access-permissions>*:/GWAdmin</access-permissions>
            <portlet-application>
                <portlet>
                    <application-ref>portal-groundwork-base</application-ref>
                    <portlet-ref>CategoryEditor</portlet-ref>
                </portlet>
                <title>Categories Editor</title>
                <access-permissions>*:/GWAdmin</access-permissions>
                <show-info-bar>false</show-info-bar>
                <show-application-state>true</show-application-state>
                <show-application-mode>true</show-application-mode>
                <description>Category Hierarchical Editor</description>
                <icon>PortletIcon</icon>
            </portlet-application>
        </container>
    </page>

    <page>
        <name>virtualization-view</name>
        <title>Virtualization Dashboard</title>
        <access-permissions>*:/GWAdmin;*:/GWOperator;*:/GWUser</access-permissions>
        <edit-permission>*:/GWAdmin</edit-permission>
        <show-max-window>false</show-max-window>
        <container id="OuterContainer"
                   template="system:/groovy/portal/webui/container/UIContainer.gtmpl">
            <access-permissions>*:/GWAdmin;*:/GWOperator;*:/GWUser</access-permissions>
            <container id="TopContainer"
                       template="system:/groovy/portal/webui/container/UIContainer.gtmpl">
                <access-permissions>*:/GWAdmin;*:/GWOperator;*:/GWUser</access-permissions>
                <portlet-application>
                    <portlet>
                        <application-ref>portal-groundwork-base</application-ref>
                        <portlet-ref>EnvironmentMapPortlet</portlet-ref>
                    </portlet>
                    <title>VMWare Environment Map</title>
                    <access-permissions>*:/GWAdmin;*:/GWOperator;*:/GWUser</access-permissions>
                    <show-info-bar>true</show-info-bar>
                    <show-application-state>false</show-application-state>
                    <show-application-mode>true</show-application-mode>
                </portlet-application>
            </container>
            <container id="CenterContainer"
                       template="system:/groovy/portal/webui/container/UITableColumnContainer.gtmpl">
                <access-permissions>*:/GWAdmin;*:/GWOperator;*:/GWUser</access-permissions>
                <container id="Center1Container"
                           template="system:/groovy/portal/webui/container/UIColumnContainer.gtmpl">
                    <access-permissions>*:/GWAdmin;*:/GWOperator;*:/GWUser</access-permissions>
                    <portlet-application>
                        <portlet>
                            <application-ref>portal-groundwork-base</application-ref>
                            <portlet-ref>TopCPUPortlet</portlet-ref>
                        </portlet>
                        <title>VMWare Top CPU Performance</title>
                        <access-permissions>*:/GWAdmin;*:/GWOperator;*:/GWUser</access-permissions>
                        <show-info-bar>true</show-info-bar>
                        <show-application-state>false</show-application-state>
                        <show-application-mode>true</show-application-mode>
                    </portlet-application>
                </container>
                <container id="Center2Container"
                           template="system:/groovy/portal/webui/container/UIColumnContainer.gtmpl">
                    <access-permissions>*:/GWAdmin;*:/GWOperator;*:/GWUser</access-permissions>

                    <portlet-application>
                        <portlet>
                            <application-ref>portal-groundwork-base</application-ref>
                            <portlet-ref>TopMemoryPortlet</portlet-ref>
                        </portlet>
                        <title>VMWare Top Memory Usage</title>
                        <access-permissions>*:/GWAdmin;*:/GWOperator;*:/GWUser</access-permissions>
                        <show-info-bar>true</show-info-bar>
                        <show-application-state>false</show-application-state>
                        <show-application-mode>true</show-application-mode>
                    </portlet-application>
                </container>
            </container>
            <container id="BottomContainer"
                       template="system:/groovy/portal/webui/container/UIContainer.gtmpl">
                <access-permissions>*:/GWAdmin;*:/GWOperator;*:/GWUser</access-permissions>
                <portlet-application>
                    <portlet>
                        <application-ref>portal-groundwork-base</application-ref>
                        <portlet-ref>EventViewPortlet</portlet-ref>
                    </portlet>
                    <title>Event View</title>
                    <access-permissions>*:/GWAdmin;*:/GWOperator;*:/GWUser</access-permissions>
                    <show-info-bar>true</show-info-bar>
                    <show-application-state>false</show-application-state>
                    <show-application-mode>true</show-application-mode>
                </portlet-application>
            </container>
        </container>
    </page>
    <page>
        <name>categories-view</name>
        <title>Categories</title>
        <access-permissions>*:/GWAdmin</access-permissions>
        <edit-permission>*:/GWAdmin</edit-permission>
        <show-max-window>false</show-max-window>
        <container id="OneColumnContainer"
                   template="system:/groovy/portal/webui/container/UIContainer.gtmpl">
            <access-permissions>*:/GWAdmin</access-permissions>
            <portlet-application>
                <portlet>
                    <application-ref>portal-groundwork-base</application-ref>
                    <portlet-ref>CategoryEditor</portlet-ref>
                </portlet>
                <title>Categories</title>
                <access-permissions>*:/GWAdmin</access-permissions>
                <show-info-bar>false</show-info-bar>
                <show-application-state>true</show-application-state>
                <show-application-mode>true</show-application-mode>
                <description>Category Administration</description>
                <icon>PortletIcon</icon>
            </portlet-application>
        </container>
    </page>
    <page>
        <name>customgroupsview</name>
        <title>customgroupsview</title>
        <access-permissions>*:/GWAdmin</access-permissions>
        <edit-permission>*:/GWAdmin</edit-permission>
        <show-max-window>false</show-max-window>
        <container id="OneColumnContainer"
                   template="system:/groovy/portal/webui/container/UIContainer.gtmpl">
            <access-permissions>*:/GWAdmin;*:/GWOperator;*:/GWUser</access-permissions>
            <portlet-application>
                <portlet>
                    <application-ref>portal-groundwork-base</application-ref>
                    <portlet-ref>CategoryEditor</portlet-ref>
                </portlet>
                <title>Custom Groups entry</title>
                <access-permissions>*:/GWAdmin</access-permissions>
                <show-info-bar>false</show-info-bar>
                <show-application-state>true</show-application-state>
                <show-application-mode>true</show-application-mode>
                <description>Desc</description>
                <icon>PortletIcon</icon>
            </portlet-application>
        </container>
    </page>
    <page>
        <name>virtualization-view</name>
        <title>Virtualization Dashboard</title>
        <access-permissions>*:/GWAdmin;*:/GWOperator;*:/GWUser</access-permissions>
        <edit-permission>*:/GWAdmin</edit-permission>
        <show-max-window>false</show-max-window>
        <container id="OuterContainer"
                   template="system:/groovy/portal/webui/container/UIContainer.gtmpl">
            <access-permissions>*:/GWAdmin;*:/GWOperator;*:/GWUser</access-permissions>
            <container id="TopContainer"
                       template="system:/groovy/portal/webui/container/UIContainer.gtmpl">
                <access-permissions>*:/GWAdmin;*:/GWOperator;*:/GWUser</access-permissions>
                <portlet-application>
                    <portlet>
                        <application-ref>portal-groundwork-base</application-ref>
                        <portlet-ref>EnvironmentMapPortlet</portlet-ref>
                    </portlet>
                    <title>VMWare Environment Map</title>
                    <access-permissions>*:/GWAdmin;*:/GWOperator;*:/GWUser</access-permissions>
                    <show-info-bar>true</show-info-bar>
                    <show-application-state>false</show-application-state>
                    <show-application-mode>true</show-application-mode>
                </portlet-application>
            </container>
            <container id="CenterContainer"
                       template="system:/groovy/portal/webui/container/UITableColumnContainer.gtmpl">
                <access-permissions>*:/GWAdmin;*:/GWOperator;*:/GWUser</access-permissions>
                <container id="Center1Container"
                           template="system:/groovy/portal/webui/container/UIColumnContainer.gtmpl">
                    <access-permissions>*:/GWAdmin;*:/GWOperator;*:/GWUser</access-permissions>
                    <portlet-application>
                        <portlet>
                            <application-ref>portal-groundwork-base</application-ref>
                            <portlet-ref>TopCPUPortlet</portlet-ref>
                        </portlet>
                        <title>VMWare Top CPU Performance</title>
                        <access-permissions>*:/GWAdmin;*:/GWOperator;*:/GWUser</access-permissions>
                        <show-info-bar>true</show-info-bar>
                        <show-application-state>false</show-application-state>
                        <show-application-mode>true</show-application-mode>
                    </portlet-application>
                </container>
                <container id="Center2Container"
                           template="system:/groovy/portal/webui/container/UIColumnContainer.gtmpl">
                    <access-permissions>*:/GWAdmin;*:/GWOperator;*:/GWUser</access-permissions>

                    <portlet-application>
                        <portlet>
                            <application-ref>portal-groundwork-base</application-ref>
                            <portlet-ref>TopMemoryPortlet</portlet-ref>
                        </portlet>
                        <title>VMWare Top Memory Usage</title>
                        <access-permissions>*:/GWAdmin;*:/GWOperator;*:/GWUser</access-permissions>
                        <show-info-bar>true</show-info-bar>
                        <show-application-state>false</show-application-state>
                        <show-application-mode>true</show-application-mode>
                    </portlet-application>
                </container>
            </container>
            <container id="BottomContainer"
                       template="system:/groovy/portal/webui/container/UIContainer.gtmpl">
                <access-permissions>*:/GWAdmin;*:/GWOperator;*:/GWUser</access-permissions>
                <portlet-application>
                    <portlet>
                        <application-ref>portal-groundwork-base</application-ref>
                        <portlet-ref>EventViewPortlet</portlet-ref>
                    </portlet>
                    <title>Event View</title>
                    <access-permissions>*:/GWAdmin;*:/GWOperator;*:/GWUser</access-permissions>
                    <show-info-bar>true</show-info-bar>
                    <show-application-state>false</show-application-state>
                    <show-application-mode>true</show-application-mode>
                </portlet-application>
            </container>
        </container>
    </page>

</page-set>
