<?xml version="1.0" encoding="UTF-8"?>
<folder exportedWithPermissions="true">
    <parent>/themes/pods_summer</parent>
    <name>images</name>
    <label>images</label>
    <creationDate>2017-12-17T00:17:47.286-08:00</creationDate>
    <updateDate>2017-10-31T11:45:49.309-07:00</updateDate>
    <resource>adhoc_toolbar_buttons_sprite.png</resource>
    <resource>banner_bkgd.png</resource>
    <resource>body_bkgnd.png</resource>
    <resource>button_action_primary_sprite.png</resource>
    <resource>button_capsule_sprite.png</resource>
    <resource>disclosure_indicators_sprite.png</resource>
    <resource>footer_bkgd.png</resource>
    <resource>lists_sprite.png</resource>
    <resource>tabs_horizontal_sprite.png</resource>
    <resource>tabs_vertical_sprite.png</resource>
</folder>
