<?xml version="1.0" encoding="UTF-8"?>
<folder exportedWithPermissions="true">
    <parent>/</parent>
    <name>DataAdapters</name>
    <label>DataAdapters</label>
    <description></description>
    <creationDate>2018-03-04T18:50:47.753-08:00</creationDate>
    <updateDate>2018-03-04T18:50:47.753-08:00</updateDate>
    <resource>archive_gwcollagedb</resource>
    <resource>dashboard</resource>
    <resource>galatea_archive_gwcollagedb</resource>
    <resource>galatea_archive_gwcollagedb_2</resource>
    <resource>WS_FakeAlbum_DS</resource>
</folder>
