<?xml version="1.0" encoding="UTF-8"?>
<jdbcDataSource exportedWithPermissions="true">
    <folder>/DataAdapters</folder>
    <name>archive_gwcollagedb</name>
    <version>6</version>
    <label>archive_gwcollagedb</label>
    <description></description>
    <creationDate>2018-03-04T18:51:23.453-08:00</creationDate>
    <updateDate>2018-03-30T17:30:46.880-07:00</updateDate>
    <permission>
        <permissionMask>1</permissionMask>
        <recipient recipientType="user">jasperadmin</recipient>
    </permission>
    <driver>org.postgresql.Driver</driver>
    <connectionUrl>jdbc:postgresql://terra:5432/archive_gwcollagedb</connectionUrl>
    <connectionUser>reporter</connectionUser>
    <connectionPassword>ENC&lt;E3C0F1C779BADBC1020F646252BCA874&gt;</connectionPassword>
    <timezone></timezone>
</jdbcDataSource>
