<?xml version="1.0" encoding="UTF-8"?>
<jdbcDataSource exportedWithPermissions="true">
    <folder>/DataAdapters</folder>
    <name>galatea_archive_gwcollagedb_2</name>
    <version>0</version>
    <label>galatea-archive_gwcollagedb-2</label>
    <creationDate>2018-04-09T15:54:57.268-07:00</creationDate>
    <updateDate>2018-04-09T15:54:57.268-07:00</updateDate>
    <driver>org.postgresql.Driver</driver>
    <connectionUrl>jdbc:postgresql://galatea:5432/archive_gwcollagedb</connectionUrl>
    <connectionUser>reporter</connectionUser>
    <connectionPassword>ENC&lt;24F6BF374DCCD31C93BBA146EFBC93A6&gt;</connectionPassword>
    <timezone></timezone>
</jdbcDataSource>
