<?xml version="1.0" encoding="UTF-8"?>
<jdbcDataSource exportedWithPermissions="true">
    <folder>/DataAdapters</folder>
    <name>galatea_archive_gwcollagedb</name>
    <version>7</version>
    <label>galatea-archive_gwcollagedb</label>
    <creationDate>2018-04-07T15:26:40.302-07:00</creationDate>
    <updateDate>2018-04-09T17:48:25.835-07:00</updateDate>
    <driver>org.postgresql.Driver</driver>
    <connectionUrl>jdbc:postgresql://172.28.112.141:5432/archive_gwcollagedb</connectionUrl>
    <connectionUser>reporter</connectionUser>
    <connectionPassword>ENC&lt;24F6BF374DCCD31C93BBA146EFBC93A6&gt;</connectionPassword>
    <timezone></timezone>
</jdbcDataSource>
