<?xml version="1.0" encoding="UTF-8"?>
<customDataSource exportedWithPermissions="true">
    <folder>/DataAdapters</folder>
    <name>WS_FakeAlbum_DS</name>
    <version>0</version>
    <label>WS-FakeAlbum-DS</label>
    <creationDate>2018-03-27T00:54:04.258-07:00</creationDate>
    <updateDate>2018-03-27T00:54:04.258-07:00</updateDate>
    <serviceClass>com.jaspersoft.jasperserver.api.metadata.jasperreports.service.ReportDataAdapterService</serviceClass>
    <property>
        <key>password</key>
        <value></value>
    </property>
    <property>
        <key>wsUri</key>
        <value>https://jsonplaceholder.typicode.com</value>
    </property>
    <property>
        <key>_cds_name</key>
        <value>webServiceDataSource</value>
    </property>
    <property>
        <key>verb</key>
        <value>get</value>
    </property>
    <property>
        <key>language</key>
        <value>json</value>
    </property>
    <property>
        <key>authType</key>
        <value>none</value>
    </property>
</customDataSource>
