<?xml version="1.0" encoding="UTF-8"?>
<jdbcDataSource exportedWithPermissions="true">
    <folder>/Resources/DataSources</folder>
    <name>local_data_source</name>
    <version>3</version>
    <label>local_data-source</label>
    <creationDate>2018-04-18T19:37:44.536-07:00</creationDate>
    <updateDate>2018-04-19T08:51:14.352-07:00</updateDate>
    <driver>org.postgresql.Driver</driver>
    <connectionUrl>jdbc:postgresql://terra:5432/archive_gwcollagedb</connectionUrl>
    <connectionUser>reporter</connectionUser>
    <connectionPassword>ENC&lt;24F6BF374DCCD31C93BBA146EFBC93A6&gt;</connectionPassword>
    <timezone></timezone>
</jdbcDataSource>
