<?xml version="1.0" encoding="UTF-8"?>
<query exportedWithPermissions="true">
    <folder>/Resources/Queries</folder>
    <name>HOST</name>
    <version>3</version>
    <label>HOST</label>
    <description></description>
    <creationDate>2018-04-10T18:47:40.309-07:00</creationDate>
    <updateDate>2018-04-13T11:18:25.367-07:00</updateDate>
    <language>sql</language>
    <queryString>SELECT DISTINCT hostname AS HOST FROM host WHERE hostname IS NOT NULL ORDER BY hostname</queryString>
    <dataSource>
        <uri>/DataAdapters/archive_gwcollagedb</uri>
    </dataSource>
</query>
