<?xml version="1.0" encoding="UTF-8"?>
<query exportedWithPermissions="true">
    <folder>/Resources/Queries</folder>
    <name>HOSTGROUP_PERFORMANCE</name>
    <version>4</version>
    <label>HOSTGROUP_PERFORMANCE</label>
    <description></description>
    <creationDate>2018-04-19T08:39:11.723-07:00</creationDate>
    <updateDate>2018-04-19T08:51:35.283-07:00</updateDate>
    <language>sql</language>
    <queryString>select distinct pdl.PerformanceName
from PerformanceDataLabel pdl
inner join LogPerformanceData lpd ON lpd.PerformanceDataLabelID = pdl.PerformanceDataLabelID
inner join ServiceStatus ss ON lpd.ServiceStatusID = ss.ServiceStatusID
inner join Host h ON ss.HostID = h.HostID
inner join HostGroupCollection hgc on h.HostID = hgc.HostID
inner join HostGroup hg on hgc.HostGroupID = hg.HostGroupID
where $X{EQUAL, hg.Name, HOSTGROUP}
order by PerformanceName;</queryString>
    <dataSource>
        <uri>/DataAdapters/archive_gwcollagedb</uri>
    </dataSource>
</query>
