<?xml version="1.0" encoding="UTF-8"?>
<query exportedWithPermissions="true">
    <folder>/Resources/Queries</folder>
    <name>HOST_PERFORMANCE</name>
    <version>1</version>
    <label>HOST_PERFORMANCE</label>
    <description></description>
    <creationDate>2018-04-19T08:46:24.477-07:00</creationDate>
    <updateDate>2018-04-19T08:49:26.494-07:00</updateDate>
    <language>sql</language>
    <queryString>SELECT DISTINCT pdl.performancename AS performance_name 
FROM            performancedatalabel pdl 
INNER JOIN      logperformancedata lpd 
ON              lpd.performancedatalabelid = pdl.performancedatalabelid 
INNER JOIN      servicestatus ss 
ON              lpd.servicestatusid = ss.servicestatusid 
INNER JOIN      host h 
ON              ss.hostid = h.hostid 
WHERE $X{EQUAL, h.HostName, HOST}
ORDER BY        pdl.performancename</queryString>
    <dataSource>
        <uri>/DataAdapters/archive_gwcollagedb</uri>
    </dataSource>
</query>
