<?xml version="1.0" encoding="UTF-8"?>
<query exportedWithPermissions="true">
    <folder>/Resources/Queries</folder>
    <name>HOSTGROUP</name>
    <version>4</version>
    <label>HOSTGROUP</label>
    <description></description>
    <creationDate>2018-04-10T18:47:40.309-07:00</creationDate>
    <updateDate>2018-04-13T12:40:32.787-07:00</updateDate>
    <language>sql</language>
    <queryString>SELECT DISTINCT name AS HOSTGROUP FROM hostgroup ORDER BY name</queryString>
    <dataSource>
        <uri>/DataAdapters/archive_gwcollagedb</uri>
    </dataSource>
</query>
