<?xml version="1.0" encoding="UTF-8"?>
<query exportedWithPermissions="true">
    <folder>/Resources/Queries</folder>
    <name>PERFORMANCE_UNIT</name>
    <version>0</version>
    <label>PERFORMANCE_UNIT</label>
    <description></description>
    <creationDate>2018-04-17T21:45:05.334-07:00</creationDate>
    <updateDate>2018-04-17T21:45:05.334-07:00</updateDate>
    <language>sql</language>
    <queryString>SELECT DISTINCT pdl.unit 
FROM   performancedatalabel pdl 
       INNER JOIN logperformancedata lpd 
               ON lpd.performancedatalabelid = pdl.performancedatalabelid 
       INNER JOIN servicestatus ss 
               ON lpd.servicestatusid = ss.servicestatusid 
       INNER JOIN host h 
               ON ss.hostid = h.hostid 
       INNER JOIN hostgroupcollection hgc 
               ON h.hostid = hgc.hostid 
       INNER JOIN hostgroup hg 
               ON hgc.hostgroupid = hg.hostgroupid 
WHERE  h.hostname = $P{HOST}</queryString>
    <dataSource>
        <uri>/DataAdapters/archive_gwcollagedb</uri>
    </dataSource>
</query>
