<?xml version="1.0" encoding="UTF-8"?>
<folder exportedWithPermissions="true">
    <parent>/Resources</parent>
    <name>Input_Controls</name>
    <label>Input_Controls</label>
    <description></description>
    <creationDate>2018-04-10T21:25:40.630-07:00</creationDate>
    <updateDate>2018-04-10T21:25:40.630-07:00</updateDate>
    <resource>DATE_END</resource>
    <resource>DATE_START</resource>
    <resource>HOST</resource>
    <resource>HOSTGROUP</resource>
    <resource>HOSTGROUP_PERFORMANCE</resource>
    <resource>LEFT_HOST</resource>
    <resource>LEFT_HOSTGROUP</resource>
    <resource>LEFT_HOSTGROUP_PERFORMANCE</resource>
    <resource>LEFT_PERFORMANCE</resource>
    <resource>PERFORMANCE_NAME</resource>
    <resource>RIGHT_HOST</resource>
    <resource>RIGHT_HOSTGROUP</resource>
    <resource>RIGHT_HOSTGROUP_PERFORMANCE</resource>
    <resource>RIGHT_PERFORMANCE</resource>
</folder>
