<?xml version="1.0" encoding="UTF-8"?>
<inputControl exportedWithPermissions="true">
    <folder>/Resources/Input_Controls</folder>
    <name>HOST</name>
    <version>5</version>
    <label>Select a Host</label>
    <description></description>
    <creationDate>2018-04-10T21:25:49.308-07:00</creationDate>
    <updateDate>2018-04-27T11:27:06.363-07:00</updateDate>
    <type>4</type>
    <mandatory>true</mandatory>
    <readOnly>false</readOnly>
    <visible>true</visible>
    <query>
        <uri>/Resources/Queries/HOST</uri>
    </query>
    <queryVisibleColumn>HOST</queryVisibleColumn>
    <queryValueColumn>HOST</queryValueColumn>
</inputControl>
