<?xml version="1.0" encoding="UTF-8"?>
<inputControl exportedWithPermissions="true">
    <folder>/Resources/Input_Controls</folder>
    <name>LEFT_HOSTGROUP_PERFORMANCE</name>
    <version>2</version>
    <label>Select a Left Hostgroup Performance Indicator</label>
    <description></description>
    <creationDate>2018-05-08T20:44:59.905-07:00</creationDate>
    <updateDate>2018-05-08T20:46:19.022-07:00</updateDate>
    <type>4</type>
    <mandatory>false</mandatory>
    <readOnly>false</readOnly>
    <visible>true</visible>
    <query>
        <uri>/Resources/Queries/LEFT_HOSTGROUP_PERFORMANCE</uri>
    </query>
    <queryVisibleColumn>LEFT_HOSTGROUP_PERFORMANCE</queryVisibleColumn>
    <queryValueColumn>LEFT_HOSTGROUP_PERFORMANCE</queryValueColumn>
</inputControl>
