<?xml version="1.0" encoding="UTF-8"?>
<inputControl exportedWithPermissions="true">
    <folder>/Resources/Input_Controls</folder>
    <name>RIGHT_HOSTGROUP_PERFORMANCE</name>
    <version>1</version>
    <label>Select a Right Hostgroup Performance Indicator</label>
    <description></description>
    <creationDate>2018-05-08T21:17:09.510-07:00</creationDate>
    <updateDate>2018-05-08T21:18:11.697-07:00</updateDate>
    <type>4</type>
    <mandatory>false</mandatory>
    <readOnly>false</readOnly>
    <visible>true</visible>
    <query>
        <uri>/Resources/Queries/RIGHT_HOSTGROUP_PERFORMANCE</uri>
    </query>
    <queryVisibleColumn>RIGHT_HOSTGROUP_PERFORMANCE</queryVisibleColumn>
    <queryValueColumn>RIGHT_HOSTGROUP_PERFORMANCE</queryValueColumn>
</inputControl>
