<?xml version="1.0" encoding="UTF-8"?>
<inputControl exportedWithPermissions="true">
    <folder>/Resources/Input_Controls</folder>
    <name>RIGHT_HOSTGROUP</name>
    <version>0</version>
    <label>Select a Right Hostgroup</label>
    <description></description>
    <creationDate>2018-04-27T16:50:37.213-07:00</creationDate>
    <updateDate>2018-04-27T16:50:37.213-07:00</updateDate>
    <type>4</type>
    <mandatory>true</mandatory>
    <readOnly>false</readOnly>
    <visible>true</visible>
    <query>
        <uri>/Resources/Queries/RIGHT_HOSTGROUP</uri>
    </query>
    <queryVisibleColumn>RIGHT_HOSTGROUP</queryVisibleColumn>
    <queryValueColumn>RIGHT_HOSTGROUP</queryValueColumn>
</inputControl>
