<?xml version='1.0' encoding='UTF-8'?>
<page-set xmlns="http://www.gatein.org/xml/ns/gatein_objects_1_3" xmlns:xsi="http://www.w3.org/2001/XMLSchema-instance" xsi:schemaLocation="http://www.gatein.org/xml/ns/gatein_objects_1_3 http://www.gatein.org/xml/ns/gatein_objects_1_3">
   <page>
      <name>console</name>
      <title>console</title>
      <access-permissions>*:/GWAdmin;*:/GWOperator</access-permissions>
      <edit-permission>*:/GWAdmin</edit-permission>
      <show-max-window>false</show-max-window>
      <container id="OneColumnContainer" template="system:/groovy/portal/webui/container/UIContainer.gtmpl">
         <access-permissions>*:/GWAdmin;*:/GWOperator</access-permissions>
         <portlet-application>
            <portlet>
               <application-ref>portal-statusviewer</application-ref>
               <portlet-ref>console</portlet-ref>
            </portlet>
            <title>Console</title>
            <access-permissions>*:/GWAdmin;*:/GWOperator</access-permissions>
            <show-info-bar>false</show-info-bar>
            <show-application-state>false</show-application-state>
            <show-application-mode>false</show-application-mode>
         </portlet-application>
      </container>
   </page>
</page-set>
