<?xml version="1.0" encoding="UTF-8"?>
<query exportedWithPermissions="true">
    <folder>/Resources/Queries</folder>
    <name>HOSTGROUP</name>
    <version>9</version>
    <label>HostgroupQuery</label>
    <description>Query distinct Hostgroup names</description>
    <creationDate>2018-04-10T18:47:40.309-07:00</creationDate>
    <updateDate>2018-05-05T11:02:23.549-07:00</updateDate>
    <language>sql</language>
    <queryString>SELECT DISTINCT name AS HOSTGROUP FROM hostgroup ORDER BY HOSTGROUP</queryString>
    <dataSource>
        <uri>/Resources/DataSources/archive_gwcollagedb</uri>
    </dataSource>
</query>
