<?xml version="1.0" encoding="UTF-8"?>
<query exportedWithPermissions="true">
    <folder>/Resources/Queries</folder>
    <name>RIGHT_HOSTGROUP_PERFORMANCE</name>
    <version>0</version>
    <label>RightHostgroupPerformanceQuery</label>
    <description></description>
    <creationDate>2018-05-08T20:51:39.516-07:00</creationDate>
    <updateDate>2018-05-08T20:51:39.516-07:00</updateDate>
    <language>sql</language>
    <queryString>SELECT DISTINCT pdl.performancename AS RIGHT_HOSTGROUP_PERFORMANCE 
FROM            performancedatalabel pdl 
INNER JOIN      logperformancedata lpd 
ON              lpd.performancedatalabelid = pdl.performancedatalabelid 
INNER JOIN      servicestatus ss 
ON              lpd.servicestatusid = ss.servicestatusid 
INNER JOIN      host h 
ON              ss.hostid = h.hostid 
INNER JOIN      hostgroupcollection hgc 
ON              h.hostid = hgc.hostid 
INNER JOIN      hostgroup hg 
ON              hgc.hostgroupid = hg.hostgroupid 
WHERE           $X{EQUAL, hg.Name, RIGHT_HOSTGROUP} 
ORDER BY        RIGHT_HOSTGROUP_PERFORMANCE ;</queryString>
    <dataSource>
        <uri>/Resources/DataSources/archive_gwcollagedb</uri>
    </dataSource>
</query>
