<?xml version="1.0" encoding="UTF-8"?>
<inputControl exportedWithPermissions="true">
    <folder>/Resources/Parameters</folder>
    <name>PERFORMANCE_NAME</name>
    <version>0</version>
    <label>Please select a performance indicator</label>
    <description></description>
    <creationDate>2018-04-10T21:10:21.625-07:00</creationDate>
    <updateDate>2018-04-10T21:10:21.625-07:00</updateDate>
    <type>4</type>
    <mandatory>true</mandatory>
    <readOnly>false</readOnly>
    <visible>true</visible>
    <query>
        <uri>/Resources/Queries/PERFORMANCENAME</uri>
    </query>
    <queryVisibleColumn>PERFORMANCE_NAME</queryVisibleColumn>
    <queryValueColumn>PERFORMANCE_NAME</queryValueColumn>
</inputControl>
