<?xml version="1.0" encoding="UTF-8"?>
<organization>
    <id>organizations</id>
    <alias>organizations</alias>
    <tenantName>root</tenantName>
    <tenantDesc>organizations</tenantDesc>
    <tenantNote> </tenantNote>
    <tenantUri>/</tenantUri>
    <tenantFolderUri>/</tenantFolderUri>
    <attribute>
        <name>domainWhitelist</name>
        <value>*</value>
    </attribute>
    <attribute>
        <name>log4j.valueQueryLog</name>
        <value>WARN</value>
    </attribute>
    <attribute>
        <name>log4j.com.jaspersoft.jasperserver.war.cascade.CachedEngineService</name>
        <value>WARN</value>
    </attribute>
    <attribute>
        <name>log4j.com.jaspersoft.jasperserver.war.cascade.token.FilterCore</name>
        <value>WARN</value>
    </attribute>
    <theme>default</theme>
</organization>
