<?xml version='1.0' encoding='UTF-8'?>
<node-navigation xmlns="http://www.gatein.org/xml/ns/gatein_objects_1_3" xmlns:xsi="http://www.w3.org/2001/XMLSchema-instance" xsi:schemaLocation="http://www.gatein.org/xml/ns/gatein_objects_1_3 http://www.gatein.org/xml/ns/gatein_objects_1_3">
   <priority>1</priority>
   <page-nodes>
      <parent-uri></parent-uri>
      <node>
         <name>groundwork-administration</name>
         <label xml:lang="en">GroundWork Administration</label>
         <visibility>DISPLAYED</visibility>
         <page-reference>portal::classic::foundationview</page-reference>
         <node>
            <name>foundationview</name>
            <label xml:lang="en">Foundation</label>
            <visibility>DISPLAYED</visibility>
            <page-reference>portal::classic::foundationview</page-reference>
         </node>
         <node>
            <name>customgroupsview</name>
            <label xml:lang="en">CustomGroups</label>
            <visibility>DISPLAYED</visibility>
            <page-reference>portal::classic::customgroupsview</page-reference>
         </node>
         <node>
            <name>cloudhubview</name>
            <label xml:lang="en">GroundWork Cloud Hub</label>
            <visibility>DISPLAYED</visibility>
            <page-reference>portal::classic::cloudhubview</page-reference>
         </node>
         <node>
            <name>nethubview</name>
            <label xml:lang="en">GroundWork Net Hub</label>
            <visibility>DISPLAYED</visibility>
            <page-reference>portal::classic::nethubview</page-reference>
         </node>
         <node>
            <name>licenseview</name>
            <label xml:lang="en">GroundWork License</label>
            <visibility>DISPLAYED</visibility>
            <page-reference>portal::classic::licenseview</page-reference>
         </node>
      </node>
   </page-nodes>
</node-navigation>
