<?xml version="1.0" encoding="UTF-8"?>
<jdbcDataSource exportedWithPermissions="true">
    <folder>/Resources/DataSources</folder>
    <name>archive_gwcollagedb</name>
    <version>0</version>
    <label>archive_gwcollagedb</label>
    <description></description>
    <creationDate>2018-04-24T15:23:08.101-07:00</creationDate>
    <updateDate>2018-03-30T17:30:46.880-07:00</updateDate>
    <driver>org.postgresql.Driver</driver>
    <connectionUrl>jdbc:postgresql://terra:5432/archive_gwcollagedb</connectionUrl>
    <connectionUser>reporter</connectionUser>
    <connectionPassword>ENC&lt;E3C0F1C779BADBC1020F646252BCA874&gt;</connectionPassword>
    <timezone></timezone>
</jdbcDataSource>
