<?xml version="1.0" encoding="UTF-8"?>
<jdbcDataSource exportedWithPermissions="true">
    <folder>/Resources/DataSources</folder>
    <name>dashboard</name>
    <version>0</version>
    <label>dashboard</label>
    <creationDate>2018-04-24T15:23:16.798-07:00</creationDate>
    <updateDate>2018-03-30T17:31:16.715-07:00</updateDate>
    <driver>org.postgresql.Driver</driver>
    <connectionUrl>jdbc:postgresql://terra:5432/dashboard</connectionUrl>
    <connectionUser>reporter</connectionUser>
    <connectionPassword>ENC&lt;E3C0F1C779BADBC1020F646252BCA874&gt;</connectionPassword>
    <timezone></timezone>
</jdbcDataSource>
