<?xml version="1.0" encoding="UTF-8"?>
<inputControl exportedWithPermissions="true">
    <folder>/Resources/Input_Controls</folder>
    <name>DATE_END</name>
    <version>0</version>
    <label>Select an End Date</label>
    <description></description>
    <creationDate>2018-04-13T11:49:16.042-07:00</creationDate>
    <updateDate>2018-04-13T11:49:16.042-07:00</updateDate>
    <type>2</type>
    <mandatory>false</mandatory>
    <readOnly>false</readOnly>
    <visible>true</visible>
    <dataType>
        <localResource
            xmlns:xsi="http://www.w3.org/2001/XMLSchema-instance"
            exportedWithPermissions="false" xsi:type="dataType">
            <folder>/Resources/Input_Controls/DATE_END_files</folder>
            <name>DATE_END</name>
            <version>0</version>
            <label>DATE_END</label>
            <description></description>
            <creationDate>2018-04-13T11:49:16.042-07:00</creationDate>
            <updateDate>2018-04-13T11:49:16.042-07:00</updateDate>
            <type>3</type>
            <strictMin>false</strictMin>
            <strictMax>false</strictMax>
        </localResource>
    </dataType>
</inputControl>
