<?xml version="1.0" encoding="UTF-8"?>
<inputControl exportedWithPermissions="true">
    <folder>/Resources/Input_Controls</folder>
    <name>HOSTGROUP</name>
    <version>5</version>
    <label>Select a Host Group</label>
    <description></description>
    <creationDate>2018-04-10T21:25:58.162-07:00</creationDate>
    <updateDate>2018-04-25T00:03:05.769-07:00</updateDate>
    <type>4</type>
    <mandatory>true</mandatory>
    <readOnly>false</readOnly>
    <visible>true</visible>
    <query>
        <uri>/Resources/Queries/HOSTGROUP</uri>
    </query>
    <queryVisibleColumn>HOSTGROUP</queryVisibleColumn>
    <queryValueColumn>HOSTGROUP</queryValueColumn>
</inputControl>
