<?xml version="1.0" encoding="UTF-8"?>
<inputControl exportedWithPermissions="true">
    <folder>/Resources/Input_Controls</folder>
    <name>HOSTGROUP_PERFORMANCE</name>
    <version>2</version>
    <label>Select a HostGroup Performance Indicator</label>
    <description></description>
    <creationDate>2018-04-27T11:34:54.639-07:00</creationDate>
    <updateDate>2018-05-05T11:12:22.626-07:00</updateDate>
    <type>4</type>
    <mandatory>false</mandatory>
    <readOnly>false</readOnly>
    <visible>true</visible>
    <query>
        <uri>/Resources/Queries/HOSTGROUP_PERFORMANCE</uri>
    </query>
    <queryVisibleColumn>PERFORMANCE_NAME</queryVisibleColumn>
    <queryValueColumn>PERFORMANCE_NAME</queryValueColumn>
</inputControl>
