<?xml version="1.0" encoding="UTF-8"?>
<inputControl exportedWithPermissions="true">
    <folder>/Resources/Input_Controls</folder>
    <name>LEFT_HOSTGROUP</name>
    <version>1</version>
    <label>Select a Left Hostgroup</label>
    <description></description>
    <creationDate>2018-04-27T16:43:38.115-07:00</creationDate>
    <updateDate>2018-04-27T16:50:59.136-07:00</updateDate>
    <type>4</type>
    <mandatory>true</mandatory>
    <readOnly>false</readOnly>
    <visible>true</visible>
    <query>
        <uri>/Resources/Queries/LEFT_HOSTGROUP</uri>
    </query>
    <queryVisibleColumn>LEFT_HOSTGROUP</queryVisibleColumn>
    <queryValueColumn>LEFT_HOSTGROUP</queryValueColumn>
</inputControl>
