<?xml version="1.0" encoding="UTF-8"?>
<inputControl exportedWithPermissions="true">
    <folder>/Resources/Input_Controls</folder>
    <name>LEFT_PERFORMANCE</name>
    <version>1</version>
    <label>Select Left Host Performance Indicator</label>
    <description></description>
    <creationDate>2018-04-27T15:44:24.145-07:00</creationDate>
    <updateDate>2018-04-27T15:50:16.018-07:00</updateDate>
    <type>4</type>
    <mandatory>false</mandatory>
    <readOnly>false</readOnly>
    <visible>true</visible>
    <query>
        <uri>/Resources/Queries/LEFT_PERFORMANCE</uri>
    </query>
    <queryVisibleColumn>LEFT_PERFORMANCE</queryVisibleColumn>
    <queryValueColumn>LEFT_PERFORMANCE</queryValueColumn>
</inputControl>
