<?xml version="1.0" encoding="UTF-8"?>
<inputControl exportedWithPermissions="true">
    <folder>/Resources/Input_Controls</folder>
    <name>LEFT_HOST</name>
    <version>2</version>
    <label>Select a Left Host</label>
    <description></description>
    <creationDate>2018-04-27T15:22:33.660-07:00</creationDate>
    <updateDate>2018-04-27T16:41:43.475-07:00</updateDate>
    <type>4</type>
    <mandatory>true</mandatory>
    <readOnly>false</readOnly>
    <visible>true</visible>
    <query>
        <uri>/Resources/Queries/LEFT_HOST</uri>
    </query>
    <queryVisibleColumn>LEFT_HOST</queryVisibleColumn>
    <queryValueColumn>LEFT_HOST</queryValueColumn>
</inputControl>
