<?xml version="1.0" encoding="UTF-8"?>
<inputControl exportedWithPermissions="true">
    <folder>/Resources/Input_Controls</folder>
    <name>RIGHT_PERFORMANCE</name>
    <version>0</version>
    <label>Select Right Host Performance Indicator</label>
    <description></description>
    <creationDate>2018-04-27T15:52:38.975-07:00</creationDate>
    <updateDate>2018-04-27T15:52:38.975-07:00</updateDate>
    <type>4</type>
    <mandatory>false</mandatory>
    <readOnly>false</readOnly>
    <visible>true</visible>
    <query>
        <uri>/Resources/Queries/RIGHT_PERFORMANCE</uri>
    </query>
    <queryVisibleColumn>RIGHT_PERFORMANCE</queryVisibleColumn>
    <queryValueColumn>RIGHT_PERFORMANCE</queryValueColumn>
</inputControl>
