<?xml version="1.0" encoding="UTF-8"?>
<inputControl exportedWithPermissions="true">
    <folder>/Resources/Input_Controls</folder>
    <name>RIGHT_HOST</name>
    <version>1</version>
    <label>Select a Right Host</label>
    <description></description>
    <creationDate>2018-04-27T15:23:46.793-07:00</creationDate>
    <updateDate>2018-04-27T16:42:05.738-07:00</updateDate>
    <type>4</type>
    <mandatory>true</mandatory>
    <readOnly>false</readOnly>
    <visible>true</visible>
    <query>
        <uri>/Resources/Queries/RIGHT_HOST</uri>
    </query>
    <queryVisibleColumn>RIGHT_HOST</queryVisibleColumn>
    <queryValueColumn>RIGHT_HOST</queryValueColumn>
</inputControl>
