<?xml version='1.0' encoding='UTF-8'?>
<node-navigation xmlns="http://www.gatein.org/xml/ns/gatein_objects_1_3"
                 xmlns:xsi="http://www.w3.org/2001/XMLSchema-instance"
                 xsi:schemaLocation="http://www.gatein.org/xml/ns/gatein_objects_1_3 http://www.gatein.org/xml/ns/gatein_objects_1_3">
    <priority>1</priority>
    <page-nodes>
        <parent-uri></parent-uri>

	<node>
	    <name>dashboard</name>
	    <label>Dashboards</label>
	    <visibility>DISPLAYED</visibility>
	    <page-reference>portal::classic::dashboard</page-reference>
	    <node>
		<name>summary</name>
		<label xml:lang="en">Summary</label>
		<visibility>DISPLAYED</visibility>
		<page-reference>portal::classic::summary</page-reference>
	    </node>

	    <!-- Special tags used for automation - leave in here. -->
	    <!-- GRAFANANODE_START --> 
	    <node>
	       <name>grafana</name>
	       <label xml:lang="en">Grafana</label>
	       <visibility>DISPLAYED</visibility>
	       <page-reference>portal::classic::grafana</page-reference>
	    </node>
	    <!-- GRAFANANODE_END --> 

	    <node>
		<name>trouble-view</name>
		<label xml:lang="en">Trouble View</label>
		<visibility>DISPLAYED</visibility>
		<page-reference>portal::classic::trouble-view</page-reference>
	    </node>
	    <node>
		<name>monitor</name>
		<label xml:lang="en">Monitoring</label>
		<visibility>DISPLAYED</visibility>
		<page-reference>portal::classic::monitor</page-reference>
	    </node>
	    <node>
		<name>system-view</name>
		<label xml:lang="en">System View</label>
		<visibility>DISPLAYED</visibility>
		<page-reference>portal::classic::system-view</page-reference>
	    </node>
	    <node>
		<name>enterprise</name>
		<label xml:lang="en">Enterprise View</label>
		<visibility>DISPLAYED</visibility>
		<page-reference>portal::classic::enterprise</page-reference>
	    </node>
	    <node>
		<name>virtualization-view</name>
		<label xml:lang="en">Virtualization View</label>
		<visibility>DISPLAYED</visibility>
		<page-reference>portal::classic::virtualization-view</page-reference>
	    </node>
	    <node>
		<name>hitlist-view</name>
		<label xml:lang="en">Hit List</label>
		<visibility>DISPLAYED</visibility>
		<page-reference>portal::classic::hitlist-view</page-reference>
	    </node>
	    <node>
		<name>sla-dashboard</name>
		<label xml:lang="en">SLA Dashboard</label>
		<visibility>DISPLAYED</visibility>
		<page-reference>portal::classic::sla-dashboard</page-reference>
	    </node>
	    <!-- NOC Board is still in development, so is commented out here. -->
	    <!--
	    <node>
		<name>noc-view</name>
		<label xml:lang="en">NOC Board</label>
		<visibility>DISPLAYED</visibility>
		<page-reference>portal::classic::noc-view</page-reference>
	    </node>
	    -->
	</node>

	<node>
	    <name>business-tools</name>
	    <label xml:lang="en">Business</label>
	    <visibility>DISPLAYED</visibility>
	    <page-reference>portal::classic::bsm</page-reference>
	    <node>
		<name>bsm</name>
		<label xml:lang="en">Business Service Monitoring</label>
		<visibility>DISPLAYED</visibility>
		<page-reference>portal::classic::bsm</page-reference>
	    </node>
	    <node>
		<name>sla-admin</name>
		<label xml:lang="en">SLA Management</label>
		<visibility>DISPLAYED</visibility>
		<page-reference>portal::classic::sla-admin</page-reference>
	    </node>
	    <node>
		<name>dashboard-admin</name>
		<label xml:lang="en">SLA Dashboard Management</label>
		<visibility>DISPLAYED</visibility>
		<page-reference>portal::classic::dashboard-admin</page-reference>
	    </node>
	</node>

    </page-nodes>
</node-navigation>
