<?xml version='1.0' encoding='UTF-8'?>
<page-set xmlns="http://www.gatein.org/xml/ns/gatein_objects_1_3" xmlns:xsi="http://www.w3.org/2001/XMLSchema-instance" xsi:schemaLocation="http://www.gatein.org/xml/ns/gatein_objects_1_3 http://www.gatein.org/xml/ns/gatein_objects_1_3">

    <page>
        <name>dashboard-admin</name>
        <title>Dashboard Administration</title>
        <access-permissions>*:/GWAdmin</access-permissions>
        <edit-permission>*:/GWAdmin</edit-permission>
        <show-max-window>false</show-max-window>
        <container id="OneColumnContainer"
            template="system:/groovy/portal/webui/container/UIContainer.gtmpl">
            <access-permissions>*:/GWAdmin</access-permissions>
            <portlet-application>
                <portlet>
                    <application-ref>portal-groundwork-base</application-ref>
                    <portlet-ref>dashboard-admin</portlet-ref>
                </portlet>
                <title>Dashboard Administration</title>
                <access-permissions>*:/GWAdmin</access-permissions>
                <show-info-bar>false</show-info-bar>
                <show-application-state>true</show-application-state>
                <show-application-mode>true</show-application-mode>
                <description>Desc</description>
                <icon>PortletIcon</icon>
            </portlet-application>
        </container>
    </page>

    <page>
        <name>sla-dashboard</name>
        <title>SLA Dashboard</title>
        <access-permissions>*:/GWAdmin</access-permissions>
        <edit-permission>*:/GWAdmin</edit-permission>
        <show-max-window>false</show-max-window>
        <container id="OneColumnContainer"
            template="system:/groovy/portal/webui/container/UIContainer.gtmpl">
            <access-permissions>*:/GWAdmin;*:/GWOperator;*:/GWUser</access-permissions>
            <portlet-application>
                <portlet>
                    <application-ref>portal-groundwork-base</application-ref>
                    <portlet-ref>sla-dashboard</portlet-ref>
                </portlet>
                <title>SLA Dashboard</title>
                <access-permissions>*:/GWAdmin</access-permissions>
                <show-info-bar>false</show-info-bar>
                <show-application-state>true</show-application-state>
                <show-application-mode>true</show-application-mode>
                <description>Desc</description>
                <icon>PortletIcon</icon>
            </portlet-application>
        </container>
    </page>

</page-set>
