<?xml version="1.0" encoding="UTF-8"?>
<fileResource exportedWithPermissions="true" dataFile="gwosChartCustomizer.jar.data">
    <folder>/Resources</folder>
    <name>gwosChartCustomizer.jar</name>
    <version>0</version>
    <label>gwosChartCustomizer.jar</label>
    <description>Chart customizer for Pie and stacked bar charts</description>
    <creationDate>2018-04-10T13:46:41.959-07:00</creationDate>
    <updateDate>2018-04-10T13:46:41.959-07:00</updateDate>
    <fileType>jar</fileType>
</fileResource>
