<?xml version="1.0" encoding="UTF-8"?>
<inputControl exportedWithPermissions="true">
    <folder>/Resources/Input_Controls</folder>
    <name>PERFORMANCE_NAME</name>
    <version>4</version>
    <label>Select a performance indicator</label>
    <description></description>
    <creationDate>2018-04-10T21:26:05.738-07:00</creationDate>
    <updateDate>2018-04-19T08:46:57.861-07:00</updateDate>
    <type>4</type>
    <mandatory>false</mandatory>
    <readOnly>false</readOnly>
    <visible>true</visible>
    <query>
        <uri>/Resources/Queries/HOST_PERFORMANCE</uri>
    </query>
    <queryVisibleColumn>PERFORMANCE_NAME</queryVisibleColumn>
    <queryValueColumn>PERFORMANCE_NAME</queryValueColumn>
</inputControl>
