<?xml version='1.0' encoding='UTF-8'?>
<node-navigation xmlns="http://www.gatein.org/xml/ns/gatein_objects_1_3" xmlns:xsi="http://www.w3.org/2001/XMLSchema-instance" xsi:schemaLocation="http://www.gatein.org/xml/ns/gatein_objects_1_3 http://www.gatein.org/xml/ns/gatein_objects_1_3">
   <priority>2</priority>
   <page-nodes>
      <parent-uri></parent-uri>
      <node>
         <name>administration</name>
         <label>#{administration.title}</label>
         <visibility>DISPLAYED</visibility>
         <node>
            <name>registry</name>
            <label>#{administration.application-registry}</label>
            <visibility>DISPLAYED</visibility>
            <page-reference>group::/GWRoot::registry</page-reference>
         </node>
         <node>
            <name>pageManagement</name>
            <label>#{administration.pageManagement}</label>
            <visibility>DISPLAYED</visibility>
            <page-reference>group::/GWRoot::pageManagement</page-reference>
         </node>
         <node>
            <name>siteExportImport</name>
            <label>Site Export/Import</label>
            <visibility>DISPLAYED</visibility>
            <page-reference>group::/GWRoot::siteExportImport</page-reference>
         </node>
         <node>
            <name>servicesManagement</name>
            <label>Services Management</label>
            <visibility>DISPLAYED</visibility>
            <page-reference>group::/GWRoot::servicesManagement</page-reference>
         </node>
         <node>
            <name>portalNavigation</name>
            <label>Portal Navigation</label>
            <visibility>DISPLAYED</visibility>
            <page-reference>group::/GWRoot::portalNavigation</page-reference>
         </node>
      </node>
   </page-nodes>
</node-navigation>