<?xml version='1.0' encoding='UTF-8'?>
<page-set xmlns="http://www.gatein.org/xml/ns/gatein_objects_1_3" xmlns:xsi="http://www.w3.org/2001/XMLSchema-instance" xsi:schemaLocation="http://www.gatein.org/xml/ns/gatein_objects_1_3 http://www.gatein.org/xml/ns/gatein_objects_1_3">
   <page>
      <name>newAccount</name>
      <title>New Account</title>
      <access-permissions>GWRoot:/GWRoot</access-permissions>
      <edit-permission>GWRoot:/GWRoot</edit-permission>
      <show-max-window>false</show-max-window>
      <portlet-application>
         <portlet>
            <application-ref>exoadmin</application-ref>
            <portlet-ref>AccountPortlet</portlet-ref>
         </portlet>
         <title>New Account</title>
         <access-permissions>GWRoot:/GWRoot</access-permissions>
         <show-info-bar>false</show-info-bar>
         <show-application-state>true</show-application-state>
         <show-application-mode>true</show-application-mode>
      </portlet-application>
   </page>
   <page>
      <name>communityManagement</name>
      <title>Community Management</title>
      <access-permissions>GWRoot:/GWRoot</access-permissions>
      <edit-permission>GWRoot:/GWRoot</edit-permission>
      <show-max-window>false</show-max-window>
      <portlet-application>
         <portlet>
            <application-ref>exoadmin</application-ref>
            <portlet-ref>OrganizationPortlet</portlet-ref>
         </portlet>
         <title>Community Management</title>
         <access-permissions>GWRoot:/GWRoot</access-permissions>
         <show-info-bar>false</show-info-bar>
         <show-application-state>true</show-application-state>
         <show-application-mode>true</show-application-mode>
      </portlet-application>
   </page>
   <page>
      <name>registry</name>
      <title>Registry</title>
      <access-permissions>GWRoot:/GWRoot</access-permissions>
      <edit-permission>GWRoot:/GWRoot</edit-permission>
      <show-max-window>false</show-max-window>
      <portlet-application>
         <portlet>
            <application-ref>exoadmin</application-ref>
            <portlet-ref>ApplicationRegistryPortlet</portlet-ref>
         </portlet>
         <title>Application Registry</title>
         <access-permissions>GWRoot:/GWRoot</access-permissions>
         <show-info-bar>false</show-info-bar>
         <show-application-state>true</show-application-state>
         <show-application-mode>true</show-application-mode>
      </portlet-application>
   </page>
   <page>
      <name>pageManagement</name>
      <title>Page Management</title>
      <access-permissions>GWRoot:/GWRoot</access-permissions>
      <edit-permission>GWRoot:/GWRoot</edit-permission>
      <show-max-window>false</show-max-window>
      <portlet-application>
         <portlet>
            <application-ref>exoadmin</application-ref>
            <portlet-ref>PageManagementPortlet</portlet-ref>
         </portlet>
         <title>Page Management</title>
         <access-permissions>GWRoot:/GWRoot</access-permissions>
         <show-info-bar>false</show-info-bar>
         <show-application-state>true</show-application-state>
         <show-application-mode>true</show-application-mode>
      </portlet-application>
   </page>
   <page>
      <name>siteExportImport</name>
      <title>Site Export/Import</title>
      <access-permissions>GWRoot:/GWRoot</access-permissions>
      <edit-permission>GWRoot:/GWRoot</edit-permission>
      <show-max-window>false</show-max-window>
      <gadget-application>
         <gadget>
            <gadget-ref>SiteExportImport</gadget-ref>
         </gadget>
         <title>Site Export/Import</title>
         <access-permissions>GWRoot:/GWRoot</access-permissions>
         <show-info-bar>false</show-info-bar>
         <show-application-state>true</show-application-state>
         <show-application-mode>true</show-application-mode>
      </gadget-application>
   </page>
   <page>
      <name>servicesManagement</name>
      <title>Services Management</title>
      <access-permissions>GWRoot:/GWRoot</access-permissions>
      <edit-permission>GWRoot:/GWRoot</edit-permission>
      <show-max-window>false</show-max-window>
      <gadget-application>
         <gadget>
            <gadget-ref>ServicesManagement</gadget-ref>
         </gadget>
         <title>Services Management</title>
         <access-permissions>GWRoot:/GWRoot</access-permissions>
         <show-info-bar>false</show-info-bar>
         <show-application-state>true</show-application-state>
         <show-application-mode>true</show-application-mode>
      </gadget-application>
   </page>
   <page>
      <name>newStaff</name>
      <title>New Staff</title>
      <access-permissions>*:/GWRoot</access-permissions>
      <edit-permission>*:/GWRoot</edit-permission>
      <show-max-window>false</show-max-window>
      <portlet-application>
         <portlet>
            <application-ref>exoadmin</application-ref>
            <portlet-ref>AccountPortlet</portlet-ref>
         </portlet>
         <title>New Staff</title>
         <access-permissions>*:/GWRoot</access-permissions>
         <show-info-bar>false</show-info-bar>
         <show-application-state>false</show-application-state>
         <show-application-mode>true</show-application-mode>
      </portlet-application>
   </page>
   <page>
      <name>management</name>
      <title>Organization Management</title>
      <access-permissions>*:/GWRoot</access-permissions>
      <edit-permission>*:/GWRoot</edit-permission>
      <show-max-window>false</show-max-window>
      <portlet-application>
         <portlet>
            <application-ref>exoadmin</application-ref>
            <portlet-ref>OrganizationPortlet</portlet-ref>
         </portlet>
         <title>Organization Management</title>
         <access-permissions>*:/GWRoot</access-permissions>
         <show-info-bar>false</show-info-bar>
         <show-application-state>true</show-application-state>
         <show-application-mode>true</show-application-mode>
      </portlet-application>
   </page>
   <page>
      <name>portalNavigation</name>
      <title>Portal Navigation</title>
      <access-permissions>GWRoot:/GWRoot</access-permissions>
      <edit-permission>GWRoot:/GWRoot</edit-permission>
      <show-max-window>false</show-max-window>
      <portlet-application>
         <portlet>
            <application-ref>exoadmin</application-ref>
            <portlet-ref>PortalNavigationPortlet</portlet-ref>
         </portlet>
         <title>Portal Navigation</title>
         <access-permissions>GWRoot:/GWRoot</access-permissions>
         <show-info-bar>false</show-info-bar>
         <show-application-state>true</show-application-state>
         <show-application-mode>true</show-application-mode>
      </portlet-application>
   </page>
</page-set>